{"name":"650e2587-0168-418f-97d6-e7716b9ad83f","id":"/providers/Microsoft.Flow/flows/650e2587-0168-418f-97d6-e7716b9ad83f","type":"Microsoft.Flow/flows","properties":{"apiId":"/providers/Microsoft.PowerApps/apis/shared_logicflows","displayName":"MergeExcelFiles","definition":{"metadata":{"workflowEntityId":null,"processAdvisorMetadata":null,"flowChargedByPaygo":null,"flowclientsuspensionreason":"None","flowclientsuspensiontime":null,"flowclientsuspensionreasondetails":null,"creator":{"id":"41e131a9-072a-4264-b4ce-4652a6fe6d94","type":"User","tenantId":"57d1cbb6-524d-4d6a-90e0-4c912f215b66"},"provisioningMethod":"FromDefinition","failureAlertSubscription":true,"clientLastModifiedTime":"2025-10-17T11:14:46.3113373Z","connectionKeySavedTimeKey":"2025-10-17T11:14:46.3113373Z","creationSource":null},"$schema":"https://schema.management.azure.com/providers/Microsoft.Logic/schemas/2016-06-01/workflowdefinition.json#","contentVersion":"1.0.0.0","parameters":{"$connections":{"defaultValue":{},"type":"Object"},"$authentication":{"defaultValue":{},"type":"SecureObject"}},"triggers":{"manual":{"metadata":{"operationMetadataId":"73c47f5f-399c-4bfc-9b1a-59a7a81b5c15"},"type":"Request","kind":"Button","inputs":{"schema":{"type":"object","properties":{},"required":[]}}}},"actions":{"Initialize_variable":{"runAfter":{},"metadata":{"operationMetadataId":"9462b3ec-e7a8-4735-840f-285020f41279"},"type":"InitializeVariable","inputs":{"variables":[{"name":"MergeData","type":"array"}]}},"Get_files_(properties_only)":{"runAfter":{"Initialize_variable":["Succeeded"]},"metadata":{"operationMetadataId":"4f6a91a6-171e-499d-aaac-c6095142818e"},"type":"OpenApiConnection","inputs":{"host":{"apiId":"/providers/Microsoft.PowerApps/apis/shared_sharepointonline","connectionName":"shared_sharepointonline","operationId":"GetFileItems"},"parameters":{"dataset":"https://8one8films.sharepoint.com","table":"3c73670f-6d4f-43c3-b8f0-406c66a4d586"},"authentication":{"value":"@json(decodeBase64(triggerOutputs().headers['X-MS-APIM-Tokens']))['$ConnectionKey']","type":"Raw"}}},"Apply_to_each":{"foreach":"@outputs('Get_files_(properties_only)')?['body/value']","actions":{"Get_tables":{"runAfter":{},"metadata":{"operationMetadataId":"cafdd260-782f-44e5-beb3-471831818c61"},"type":"OpenApiConnection","inputs":{"host":{"apiId":"/providers/Microsoft.PowerApps/apis/shared_excelonlinebusiness","connectionName":"shared_excelonlinebusiness","operationId":"GetTables"},"parameters":{"source":"sites/8one8films.sharepoint.com,fe34657f-80d2-40d2-a8ba-406becbaa6b0,204f50cd-219b-4520-9ec9-110e5a1e8278","drive":"b!f2U0_tKA0kCoukBr7LqmsM1QTyCbISBFnskRDloegngPZ3M8T23DQ7jwQGxmpNWG","file":"@items('Apply_to_each')?['{Identifier}']"},"authentication":{"value":"@json(decodeBase64(triggerOutputs().headers['X-MS-APIM-Tokens']))['$ConnectionKey']","type":"Raw"}}},"Compose":{"runAfter":{"Get_tables":["Succeeded"]},"metadata":{"operationMetadataId":"28cb1041-b192-4887-a1b5-05e49a408417"},"type":"Compose","inputs":"@first(body('Get_tables')?['value'])?['name']"},"List_rows_present_in_a_table":{"runAfter":{"Compose":["Succeeded"]},"metadata":{"operationMetadataId":"c4b2710b-5314-4ab0-8cf6-609694c1585f"},"type":"OpenApiConnection","inputs":{"host":{"apiId":"/providers/Microsoft.PowerApps/apis/shared_excelonlinebusiness","connectionName":"shared_excelonlinebusiness","operationId":"GetItems"},"parameters":{"source":"sites/8one8films.sharepoint.com,fe34657f-80d2-40d2-a8ba-406becbaa6b0,204f50cd-219b-4520-9ec9-110e5a1e8278","drive":"b!f2U0_tKA0kCoukBr7LqmsM1QTyCbISBFnskRDloegngPZ3M8T23DQ7jwQGxmpNWG","file":"@items('Apply_to_each')?['{Identifier}']","table":"@outputs('Compose')"},"authentication":{"value":"@json(decodeBase64(triggerOutputs().headers['X-MS-APIM-Tokens']))['$ConnectionKey']","type":"Raw"}}},"Apply_to_each_3":{"foreach":"@outputs('List_rows_present_in_a_table')?['body/value']","actions":{"Append_to_array_variable":{"runAfter":{},"metadata":{"operationMetadataId":"791bc679-d994-4e54-bbba-e3f26edf979c"},"type":"AppendToArrayVariable","inputs":{"name":"MergeData","value":"@item()"}}},"runAfter":{"List_rows_present_in_a_table":["Succeeded"]},"metadata":{"operationMetadataId":"6a813b92-653f-4a35-baef-b8aff97b26c9"},"type":"Foreach"}},"runAfter":{"Get_files_(properties_only)":["Succeeded"]},"metadata":{"operationMetadataId":"4991dcfb-6274-4794-9244-b76eb2fec225"},"type":"Foreach"},"Apply_to_each_2":{"foreach":"@variables('MergeData')","actions":{"Add_a_row_into_a_table":{"runAfter":{},"metadata":{"operationMetadataId":"6c7aa426-292f-40fe-9601-10352cbf4d8a"},"type":"OpenApiConnection","inputs":{"host":{"apiId":"/providers/Microsoft.PowerApps/apis/shared_excelonlinebusiness","connectionName":"shared_excelonlinebusiness","operationId":"AddRowV2"},"parameters":{"source":"sites/8one8films.sharepoint.com,fe34657f-80d2-40d2-a8ba-406becbaa6b0,204f50cd-219b-4520-9ec9-110e5a1e8278","drive":"b!f2U0_tKA0kCoukBr7LqmsM1QTyCbISBFnskRDloegnjl3ZHeZfi5SrAZyuf9RNMU","file":"@outputs('Create_file')?['body/Name']","table":"Table1","item":{"Name":"@{items('Apply_to_each_2')?['Name']}","Email":"@{items('Apply_to_each_2')?['Email']}","Date":"@{items('Apply_to_each_2')?['Date']}","Amount":"@{items('Apply_to_each_2')?['Amount']}"}},"authentication":{"value":"@json(decodeBase64(triggerOutputs().headers['X-MS-APIM-Tokens']))['$ConnectionKey']","type":"Raw"}}}},"runAfter":{"Create_file":["Succeeded"]},"metadata":{"operationMetadataId":"0f8df99e-693d-4d43-a913-21b35e9930ec"},"type":"Foreach"},"Create_file":{"runAfter":{"Get_file_content_using_path":["Succeeded"]},"metadata":{"operationMetadataId":"54b17104-45f4-431d-be3f-87af545b9bb7"},"type":"OpenApiConnection","inputs":{"host":{"apiId":"/providers/Microsoft.PowerApps/apis/shared_sharepointonline","connectionName":"shared_sharepointonline","operationId":"CreateFile"},"parameters":{"dataset":"https://8one8films.sharepoint.com","folderPath":"/MergedDocuments","name":"@concat('MergedData_',formatDateTime(utcNow(),'dd/mm/yyyy_hhmmss'),'.xlsx')","body":"@body('Get_file_content_using_path')"},"authentication":{"value":"@json(decodeBase64(triggerOutputs().headers['X-MS-APIM-Tokens']))['$ConnectionKey']","type":"Raw"}},"runtimeConfiguration":{"contentTransfer":{"transferMode":"Chunked"}}},"Get_file_content_using_path":{"runAfter":{"Apply_to_each":["Succeeded"]},"metadata":{"operationMetadataId":"8b7cdff8-7df6-4028-9688-713a36c0367b"},"type":"OpenApiConnection","inputs":{"host":{"apiId":"/providers/Microsoft.PowerApps/apis/shared_sharepointonline","connectionName":"shared_sharepointonline","operationId":"GetFileContentByPath"},"parameters":{"dataset":"https://8one8films.sharepoint.com","path":"/MergedDocuments/Template/Tmplate.xlsx","inferContentType":true},"authentication":{"value":"@json(decodeBase64(triggerOutputs().headers['X-MS-APIM-Tokens']))['$ConnectionKey']","type":"Raw"}}}}},"connectionReferences":{"shared_sharepointonline":{"connectionName":"shared-sharepointonl-f062990b-3376-4364-b4f7-e83bdbd39a2e","source":"Invoker","id":"/providers/Microsoft.PowerApps/apis/shared_sharepointonline","tier":"NotSpecified","apiName":"sharepointonline","isProcessSimpleApiReferenceConversionAlreadyDone":false},"shared_excelonlinebusiness":{"connectionName":"shared-excelonlinebu-e296a137-7f39-49d2-855f-3b0e955fa951","source":"Invoker","id":"/providers/Microsoft.PowerApps/apis/shared_excelonlinebusiness","tier":"NotSpecified","apiName":"excelonlinebusiness","isProcessSimpleApiReferenceConversionAlreadyDone":false}},"flowFailureAlertSubscribed":false,"isManaged":false}}